Country,Year,Life Expectancy F,Life Expectancy M,Total Life Expectancy
afganistan,2021,"65,28","58,92","61,98"
afganistan,2020,"65,43","59,87","62,58"
afganistan,2019,"66,68","60,62","63,57"
afganistan,2018,"66,46","59,92","63,08"
afganistan,2017,"66,10","60,11","63,02"
afganistan,2016,"65,10","61,19","63,14"
albania,2021,"77,70","73,60","75,50"
albania,2020,"79,60","75,20","77,40"
albania,2019,"80,70","77,60","79,10"
albania,2018,"80,50","77,40","78,90"
albania,2017,"80,10","77,10","78,50"
albania,2016,"80,10","77,10","78,50"
alemania,2021,"83,30","78,40","80,80"
alemania,2020,"83,50","78,70","81,10"
alemania,2019,"83,70","79,00","81,30"
alemania,2018,"83,30","78,60","81,00"
alemania,2017,"83,40","78,70","81,10"
alemania,2016,"83,50","78,60","81,00"
andorra,2021,"86,00","81,30","83,70"
andorra,2020,"85,70","79,40","82,50"
andorra,2019,"86,90","81,10","84,10"
andorra,2018,"85,30","81,20","83,30"
andorra,2017,"86,30","80,80","83,60"
andorra,2016,"85,60","81,20","83,40"
angola,2021,"64,31","59,03","61,64"
angola,2020,"64,98","59,58","62,26"
angola,2019,"64,92","59,98","62,45"
angola,2018,"64,72","59,58","62,14"
angola,2017,"64,02","59,33","61,68"
angola,2016,"63,43","58,74","61,09"
antigua-barbuda,2021,"80,94","75,78","78,50"
antigua-barbuda,2020,"81,32","76,06","78,84"
antigua-barbuda,2019,"81,17","75,91","78,69"
antigua-barbuda,2018,"81,00","75,72","78,51"
antigua-barbuda,2017,"80,72","75,52","78,27"
antigua-barbuda,2016,"80,65","75,37","78,15"
arabia-saudita,2021,"78,77","75,59","76,94"
arabia-saudita,2020,"77,99","74,97","76,24"
arabia-saudita,2019,"78,91","76,07","77,30"
arabia-saudita,2018,"78,91","75,92","77,21"
arabia-saudita,2017,"78,80","75,92","77,16"
arabia-saudita,2016,"78,72","75,86","77,06"
argelia,2021,"77,96","74,88","76,38"
argelia,2020,"75,91","73,08","74,45"
argelia,2019,"77,76","75,24","76,47"
argelia,2018,"77,21","74,97","76,07"
argelia,2017,"76,82","74,70","75,74"
argelia,2016,"76,80","74,69","75,73"
argentina,2021,"78,65","72,18","75,39"
argentina,2020,"79,29","72,55","75,89"
argentina,2019,"80,68","73,86","77,28"
argentina,2018,"80,33","73,63","77,00"
argentina,2017,"80,09","73,53","76,83"
argentina,2016,"79,67","72,93","76,31"
armenia,2021,"77,35","66,55","72,04"
armenia,2020,"77,00","67,05","72,17"
armenia,2019,"79,70","73,10","76,60"
armenia,2018,"79,70","73,40","76,70"
armenia,2017,"78,90","72,50","75,80"
armenia,2016,"78,40","71,50","75,10"
australia,2021,"85,40","81,30","83,30"
australia,2020,"85,30","81,20","83,20"
australia,2019,"85,00","80,90","82,90"
australia,2018,"84,90","80,70","82,75"
australia,2017,"84,60","80,50","82,50"
australia,2016,"84,60","80,40","82,45"
austria,2021,"83,70","78,80","81,30"
austria,2020,"83,60","78,90","81,30"
austria,2019,"84,20","79,70","82,00"
austria,2018,"84,10","79,40","81,80"
austria,2017,"84,00","79,40","81,70"
austria,2016,"84,10","79,30","81,80"
azerbaiyan,2021,"73,29","65,65","69,37"
azerbaiyan,2020,"71,00","62,99","66,87"
azerbaiyan,2019,"78,90","74,30","76,60"
azerbaiyan,2018,"78,30","73,50","76,00"
azerbaiyan,2017,"77,90","73,20","75,60"
azerbaiyan,2016,"75,59","68,41","72,00"
bahamas,2021,"75,10","68,12","71,60"
bahamas,2020,"76,27","69,10","72,68"
bahamas,2019,"73,83","68,45","71,21"
bahamas,2018,"77,32","70,23","73,81"
bahamas,2017,"77,17","70,04","73,63"
bahamas,2016,"76,94","70,07","73,54"
banglades,2021,"74,27","70,60","72,38"
banglades,2020,"73,96","70,19","71,97"
banglades,2019,"75,09","70,71","72,81"
banglades,2018,"74,35","70,89","72,57"
banglades,2017,"73,95","69,82","71,79"
banglades,2016,"73,33","69,09","71,09"
barbados,2021,"79,36","75,63","77,57"
barbados,2020,"79,21","75,42","77,39"
barbados,2019,"79,12","75,23","77,26"
barbados,2018,"78,96","75,01","77,07"
barbados,2017,"78,84","74,86","76,94"
barbados,2016,"78,72","74,74","76,82"
barein,2021,"80,02","77,76","78,76"
barein,2020,"80,43","78,17","79,17"
barein,2019,"81,32","78,98","80,02"
barein,2018,"81,20","78,82","79,86"
barein,2017,"81,12","78,61","79,69"
barein,2016,"81,03","78,46","79,56"
belgica,2021,"84,30","79,40","81,90"
belgica,2020,"83,00","78,50","80,80"
belgica,2019,"84,30","79,80","82,10"
belgica,2018,"83,90","79,40","81,70"
belgica,2017,"83,90","79,20","81,60"
belgica,2016,"84,00","79,00","81,50"
belice,2021,"74,33","67,12","70,47"
belice,2020,"76,63","69,56","72,85"
belice,2019,"77,25","71,06","73,93"
belice,2018,"77,02","70,84","73,70"
belice,2017,"76,85","70,73","73,56"
belice,2016,"76,67","70,58","73,40"
benin,2021,"61,45","58,22","59,82"
benin,2020,"61,49","58,69","60,09"
benin,2019,"61,86","59,05","60,45"
benin,2018,"61,35","58,92","60,14"
benin,2017,"61,20","58,51","59,86"
benin,2016,"60,73","58,33","59,54"
bielorrusia,2021,"77,70","67,30","72,37"
bielorrusia,2020,"77,87","67,31","72,46"
bielorrusia,2019,"79,40","69,30","74,23"
bielorrusia,2018,"79,50","69,30","74,50"
bielorrusia,2017,"79,30","69,30","74,50"
bielorrusia,2016,"79,20","69,00","74,20"
birmania,2021,"69,00","62,55","65,67"
birmania,2020,"69,96","63,79","66,80"
birmania,2019,"69,80","63,57","66,61"
birmania,2018,"69,68","63,41","66,47"
birmania,2017,"69,00","62,84","65,84"
birmania,2016,"68,84","62,68","65,69"
bolivia,2021,"66,80","60,88","63,63"
bolivia,2020,"67,84","61,56","64,47"
bolivia,2019,"70,48","65,37","67,84"
bolivia,2018,"70,38","65,28","67,75"
bolivia,2017,"70,35","65,23","67,70"
bolivia,2016,"70,26","65,17","67,63"
bosnia-herzegovina,2021,"77,53","73,11","75,30"
bosnia-herzegovina,2020,"78,41","74,04","76,23"
bosnia-herzegovina,2019,"79,22","75,21","77,24"
bosnia-herzegovina,2018,"79,09","75,03","77,09"
bosnia-herzegovina,2017,"78,96","74,85","76,94"
bosnia-herzegovina,2016,"78,77","74,78","76,81"
botsuana,2021,"63,59","58,69","61,14"
botsuana,2020,"68,05","63,14","65,65"
botsuana,2019,"67,89","62,93","65,46"
botsuana,2018,"67,37","63,34","65,42"
botsuana,2017,"69,43","63,97","66,75"
botsuana,2016,"68,06","62,77","65,46"
brasil,2021,"76,01","69,56","72,75"
brasil,2020,"77,38","70,70","74,01"
brasil,2019,"78,47","72,20","75,34"
brasil,2018,"78,27","71,96","75,11"
brasil,2017,"78,03","71,64","74,83"
brasil,2016,"77,85","71,09","74,44"
brunei,2021,"76,88","72,60","74,64"
brunei,2020,"77,03","72,75","74,80"
brunei,2019,"76,99","72,71","74,75"
brunei,2018,"76,96","72,67","74,71"
brunei,2017,"76,96","72,69","74,72"
brunei,2016,"76,98","72,70","74,73"
bulgaria,2021,"75,10","68,00","71,40"
bulgaria,2020,"77,50","70,00","73,60"
bulgaria,2019,"78,80","71,60","75,10"
bulgaria,2018,"78,60","71,50","75,00"
bulgaria,2017,"78,40","71,40","74,80"
bulgaria,2016,"78,50","71,30","74,90"
burkina-faso,2021,"60,99","57,47","59,27"
burkina-faso,2020,"61,60","57,79","59,73"
burkina-faso,2019,"61,82","58,17","60,04"
burkina-faso,2018,"61,71","58,29","60,05"
burkina-faso,2017,"61,18","57,80","59,54"
burkina-faso,2016,"60,93","57,62","59,33"
burundi,2021,"63,61","59,71","61,66"
burundi,2020,"63,68","59,47","61,57"
burundi,2019,"64,35","60,34","62,35"
burundi,2018,"63,52","59,82","61,69"
burundi,2017,"63,30","59,76","61,55"
burundi,2016,"62,46","59,09","60,79"
butan,2021,"73,77","70,14","71,82"
butan,2020,"73,54","69,97","71,61"
butan,2019,"73,24","69,81","71,39"
butan,2018,"72,91","69,60","71,13"
butan,2017,"72,58","69,37","70,85"
butan,2016,"72,32","69,14","70,60"
cabo-verde,2021,"78,46","69,59","74,05"
cabo-verde,2020,"79,16","70,33","74,81"
cabo-verde,2019,"80,18","71,57","76,00"
cabo-verde,2018,"79,88","71,34","75,73"
cabo-verde,2017,"80,69","72,18","76,59"
cabo-verde,2016,"80,02","71,24","75,74"
camboya,2021,"72,29","66,82","69,58"
camboya,2020,"72,72","68,00","70,42"
camboya,2019,"72,87","68,40","70,69"
camboya,2018,"72,78","68,23","70,56"
camboya,2017,"72,69","68,21","70,52"
camboya,2016,"72,67","67,66","70,22"
camerun,2021,"62,02","58,69","60,33"
camerun,2020,"62,63","59,08","60,83"
camerun,2019,"63,00","60,19","61,58"
camerun,2018,"62,78","59,60","61,18"
camerun,2017,"62,16","59,47","60,81"
camerun,2016,"61,60","58,88","60,23"
canada,2021,"84,02","79,27","81,59"
canada,2020,"83,95","79,48","81,66"
canada,2019,"84,37","80,18","82,22"
canada,2018,"83,99","79,80","81,84"
canada,2017,"84,02","79,75","81,83"
canada,2016,"84,03","79,92","81,92"
catar,2021,"80,94","78,31","79,27"
catar,2020,"80,68","78,23","79,10"
catar,2019,"82,65","80,06","80,99"
catar,2018,"82,46","80,03","80,90"
catar,2017,"82,31","79,85","80,72"
catar,2016,"82,06","79,58","80,43"
chad,2021,"54,28","50,85","52,53"
chad,2020,"54,40","51,22","52,78"
chad,2019,"54,91","51,66","53,26"
chad,2018,"54,32","51,37","52,83"
chad,2017,"53,75","50,90","52,31"
chad,2016,"53,32","50,87","52,08"
chile,2021,"81,44","76,47","78,94"
chile,2020,"82,04","76,75","79,38"
chile,2019,"82,71","77,89","80,33"
chile,2018,"82,53","77,68","80,13"
chile,2017,"82,60","78,02","80,35"
chile,2016,"82,57","77,50","80,08"
china,2021,"81,16","75,46","78,21"
china,2020,"81,06","75,31","78,08"
china,2019,"80,82","75,30","77,97"
china,2018,"80,64","75,05","77,74"
china,2017,"80,32","74,43","77,25"
china,2016,"80,05","74,58","77,22"
chipre,2021,"83,40","79,20","81,30"
chipre,2020,"84,40","80,40","82,40"
chipre,2019,"84,40","80,30","82,30"
chipre,2018,"84,80","80,90","82,90"
chipre,2017,"84,20","80,20","82,20"
chipre,2016,"84,90","80,50","82,70"
colombia,2021,"76,44","69,40","72,83"
colombia,2020,"78,14","71,54","74,77"
colombia,2019,"79,72","73,80","76,75"
colombia,2018,"79,66","73,84","76,75"
colombia,2017,"79,54","73,76","76,65"
colombia,2016,"79,44","73,52","76,47"
comoras,2021,"65,83","61,25","63,42"
comoras,2020,"66,59","61,98","64,17"
comoras,2019,"66,31","62,01","64,07"
comoras,2018,"66,20","61,81","63,91"
comoras,2017,"65,99","61,46","63,63"
comoras,2016,"65,34","61,29","63,24"
congo,2021,"64,94","62,12","63,52"
congo,2020,"65,40","62,21","63,79"
congo,2019,"64,17","61,35","62,75"
congo,2018,"65,27","62,83","64,05"
congo,2017,"65,14","62,39","63,76"
congo,2016,"64,98","62,19","63,58"
corea-del-norte,2021,"75,74","70,83","73,28"
corea-del-norte,2020,"75,73","70,79","73,27"
corea-del-norte,2019,"75,70","70,63","73,20"
corea-del-norte,2018,"75,63","70,31","73,03"
corea-del-norte,2017,"75,62","70,15","72,98"
corea-del-norte,2016,"75,51","69,85","72,81"
corea-del-sur,2021,"86,60","80,60","83,60"
corea-del-sur,2020,"86,50","80,50","83,50"
corea-del-sur,2019,"86,30","80,30","83,30"
corea-del-sur,2018,"85,70","79,70","82,70"
corea-del-sur,2017,"85,70","79,70","82,70"
corea-del-sur,2016,"85,40","79,30","82,40"
costa-marfil,2021,"59,94","57,40","58,60"
costa-marfil,2020,"60,35","57,86","59,03"
costa-marfil,2019,"60,59","58,16","59,32"
costa-marfil,2018,"59,94","57,85","58,85"
costa-marfil,2017,"59,72","57,35","58,48"
costa-marfil,2016,"59,07","57,13","58,06"
costa-rica,2021,"79,81","74,42","77,02"
costa-rica,2020,"81,91","76,75","79,28"
costa-rica,2019,"81,95","77,00","79,43"
costa-rica,2018,"82,08","77,00","79,48"
costa-rica,2017,"81,76","77,07","79,38"
costa-rica,2016,"82,01","77,01","79,46"
croacia,2021,"79,70","73,50","76,60"
croacia,2020,"80,70","74,50","77,60"
croacia,2019,"81,60","75,50","78,60"
croacia,2018,"81,50","74,90","78,20"
croacia,2017,"81,00","74,90","78,00"
croacia,2016,"81,30","75,00","78,20"
cuba,2021,"76,36","71,25","73,68"
cuba,2020,"80,23","75,04","77,57"
cuba,2019,"80,08","75,24","77,61"
cuba,2018,"80,05","75,07","77,50"
cuba,2017,"80,07","75,12","77,53"
cuba,2016,"80,11","75,30","77,64"
dinamarca,2021,"83,30","79,60","81,50"
dinamarca,2020,"83,60","79,70","81,60"
dinamarca,2019,"83,50","79,50","81,50"
dinamarca,2018,"82,90","79,10","81,00"
dinamarca,2017,"83,10","79,20","81,10"
dinamarca,2016,"82,80","79,00","80,90"
dominica,2021,"76,30","69,73","72,81"
dominica,2020,"77,26","70,43","73,65"
dominica,2019,"77,21","70,36","73,56"
dominica,2018,"77,25","70,41","73,59"
dominica,2017,"69,65","65,60","67,53"
dominica,2016,"73,02","67,57","70,13"
ecuador,2021,"77,46","70,26","73,67"
ecuador,2020,"76,06","68,77","72,15"
ecuador,2019,"79,95","74,70","77,30"
ecuador,2018,"79,60","74,62","77,09"
ecuador,2017,"79,40","74,58","76,97"
ecuador,2016,"79,14","74,41","76,76"
egipto,2021,"72,61","67,94","70,22"
egipto,2020,"73,39","68,67","70,99"
egipto,2019,"73,71","69,05","71,36"
egipto,2018,"73,93","68,88","71,37"
egipto,2017,"73,97","68,71","71,30"
egipto,2016,"73,55","68,23","70,84"
el-salvador,2021,"75,15","66,08","70,75"
el-salvador,2020,"75,41","66,43","71,06"
el-salvador,2019,"76,78","68,01","72,56"
el-salvador,2018,"77,49","67,35","72,56"
el-salvador,2017,"77,49","66,91","72,31"
el-salvador,2016,"77,08","66,76","72,03"
emiratos-arabes-unidos,2021,"80,94","77,22","78,71"
emiratos-arabes-unidos,2020,"81,11","77,46","78,95"
emiratos-arabes-unidos,2019,"81,91","78,18","79,73"
emiratos-arabes-unidos,2018,"81,79","78,03","79,63"
emiratos-arabes-unidos,2017,"81,63","77,87","79,50"
emiratos-arabes-unidos,2016,"81,40","77,68","79,34"
eritrea,2021,"68,66","64,35","66,54"
eritrea,2020,"69,34","64,86","67,13"
eritrea,2019,"69,31","65,22","67,30"
eritrea,2018,"69,12","64,95","67,07"
eritrea,2017,"68,53","64,55","66,58"
eritrea,2016,"68,30","64,21","66,29"
eslovaquia,2021,"78,20","71,20","74,60"
eslovaquia,2020,"80,40","73,50","77,00"
eslovaquia,2019,"81,20","74,30","77,80"
eslovaquia,2018,"80,80","73,90","77,40"
eslovaquia,2017,"80,70","73,80","77,30"
eslovaquia,2016,"80,70","73,80","77,30"
eslovenia,2021,"83,80","77,70","80,70"
eslovenia,2020,"83,40","77,80","80,60"
eslovenia,2019,"84,50","78,70","81,60"
eslovenia,2018,"84,40","78,50","81,50"
eslovenia,2017,"84,00","78,20","81,20"
eslovenia,2016,"84,30","78,20","81,20"
espana,2021,"85,81","80,20","83,03"
espana,2020,"85,04","79,52","82,28"
espana,2019,"86,19","80,78","83,53"
espana,2018,"85,83","80,40","83,15"
espana,2017,"85,71","80,32","83,05"
espana,2016,"85,82","80,26","83,08"
estonia,2021,"81,40","72,70","77,20"
estonia,2020,"83,00","74,40","78,90"
estonia,2019,"83,00","74,50","79,00"
estonia,2018,"82,70","74,00","78,50"
estonia,2017,"82,60","73,80","78,40"
estonia,2016,"82,20","73,30","78,00"
etiopia,2021,"68,29","61,91","64,98"
etiopia,2020,"68,43","62,52","65,37"
etiopia,2019,"68,80","63,05","65,84"
etiopia,2018,"68,40","62,61","65,41"
etiopia,2017,"67,53","62,29","64,84"
etiopia,2016,"67,34","61,63","64,39"
filipinas,2021,"71,48","67,17","69,27"
filipinas,2020,"74,00","70,24","72,12"
filipinas,2019,"73,74","69,99","71,87"
filipinas,2018,"73,56","69,82","71,69"
filipinas,2017,"73,35","69,67","71,52"
filipinas,2016,"73,18","69,57","71,39"
finlandia,2021,"84,60","79,30","81,90"
finlandia,2020,"84,80","79,20","82,00"
finlandia,2019,"84,80","79,30","82,10"
finlandia,2018,"84,50","79,10","81,80"
finlandia,2017,"84,50","78,90","81,70"
finlandia,2016,"84,40","78,60","81,50"
fiyi,2021,"68,88","65,43","67,11"
fiyi,2020,"69,74","66,17","67,92"
fiyi,2019,"69,73","66,13","67,89"
fiyi,2018,"69,66","66,03","67,81"
fiyi,2017,"69,66","66,01","67,79"
fiyi,2016,"69,14","65,45","67,24"
francia,2021,"85,50","79,30","82,40"
francia,2020,"85,30","79,20","82,30"
francia,2019,"85,90","79,90","83,00"
francia,2018,"85,80","79,70","82,80"
francia,2017,"85,70","79,60","82,70"
francia,2016,"85,80","79,50","82,70"
gabon,2021,"68,49","63,49","65,82"
gabon,2020,"69,12","64,26","66,53"
gabon,2019,"68,87","64,58","66,60"
gabon,2018,"68,79","64,12","66,31"
gabon,2017,"68,74","63,95","66,19"
gabon,2016,"68,00","63,84","65,80"
gambia,2021,"63,53","60,66","62,08"
gambia,2020,"64,24","61,02","62,61"
gambia,2019,"65,19","62,33","63,76"
gambia,2018,"64,25","61,83","63,04"
gambia,2017,"64,28","61,71","63,00"
gambia,2016,"64,26","61,76","63,01"
georgia,2021,"76,68","66,80","71,69"
georgia,2020,"77,87","67,74","72,77"
georgia,2019,"78,40","69,80","74,10"
georgia,2018,"78,20","69,70","74,00"
georgia,2017,"77,80","69,20","73,50"
georgia,2016,"77,20","68,30","72,70"
ghana,2021,"66,01","61,63","63,80"
ghana,2020,"66,39","61,90","64,11"
ghana,2019,"66,83","62,69","64,74"
ghana,2018,"66,05","62,22","64,12"
ghana,2017,"65,92","62,12","64,01"
ghana,2016,"65,87","61,93","63,89"
granada,2021,"77,90","72,21","74,94"
granada,2020,"77,87","72,21","74,92"
granada,2019,"77,83","72,13","74,86"
granada,2018,"77,80","72,06","74,81"
granada,2017,"77,77","72,01","74,77"
granada,2016,"77,81","71,97","74,76"
grecia,2021,"82,90","77,40","80,20"
grecia,2020,"83,90","78,80","81,40"
grecia,2019,"84,20","79,20","81,70"
grecia,2018,"84,40","79,30","81,90"
grecia,2017,"83,90","78,80","81,40"
grecia,2016,"84,00","78,90","81,50"
guatemala,2021,"72,65","66,01","69,24"
guatemala,2020,"75,55","68,26","71,80"
guatemala,2019,"75,81","70,44","73,13"
guatemala,2018,"75,57","69,90","72,73"
guatemala,2017,"75,52","69,61","72,55"
guatemala,2016,"75,39","69,36","72,36"
guinea,2021,"60,10","57,60","58,89"
guinea,2020,"60,45","58,11","59,33"
guinea,2019,"60,82","58,54","59,72"
guinea,2018,"60,30","58,33","59,35"
guinea,2017,"60,21","57,93","59,11"
guinea,2016,"59,69","57,76","58,76"
guinea-bisau,2021,"61,80","57,39","59,65"
guinea-bisau,2020,"62,27","57,61","60,00"
guinea-bisau,2019,"62,87","58,76","60,88"
guinea-bisau,2018,"62,61","58,26","60,50"
guinea-bisau,2017,"62,04","57,97","60,07"
guinea-bisau,2016,"61,78","57,45","59,67"
guinea-ecuatorial,2021,"62,73","58,78","60,59"
guinea-ecuatorial,2020,"62,94","58,81","60,71"
guinea-ecuatorial,2019,"63,54","59,98","61,64"
guinea-ecuatorial,2018,"63,04","59,56","61,19"
guinea-ecuatorial,2017,"62,83","59,05","60,82"
guinea-ecuatorial,2016,"62,33","58,81","60,48"
guyana,2021,"69,10","62,48","65,67"
guyana,2020,"72,12","65,08","68,49"
guyana,2019,"72,66","65,81","69,12"
guyana,2018,"72,44","65,50","68,90"
guyana,2017,"72,21","65,30","68,67"
guyana,2016,"71,88","65,08","68,38"
haiti,2021,"66,12","60,40","63,19"
haiti,2020,"67,12","61,13","64,05"
haiti,2019,"67,33","61,31","64,26"
haiti,2018,"66,92","61,23","64,02"
haiti,2017,"66,73","61,09","63,85"
haiti,2016,"66,24","60,66","63,39"
honduras,2021,"72,53","67,89","70,12"
honduras,2020,"73,99","69,13","71,46"
honduras,2019,"75,37","70,53","72,88"
honduras,2018,"75,32","70,46","72,81"
honduras,2017,"75,19","70,35","72,69"
honduras,2016,"75,08","70,26","72,59"
hungria,2021,"77,80","70,70","74,30"
hungria,2020,"79,00","72,30","75,70"
hungria,2019,"79,70","73,10","76,50"
hungria,2018,"79,60","72,70","76,20"
hungria,2017,"79,30","72,50","76,00"
hungria,2016,"79,70","72,60","76,20"
india,2021,"68,89","65,76","67,24"
india,2020,"71,82","68,62","70,15"
india,2019,"72,40","69,53","70,91"
india,2018,"72,14","69,37","70,71"
india,2017,"71,86","69,16","70,47"
india,2016,"71,50","68,81","70,12"
indonesia,2021,"69,74","65,53","67,57"
indonesia,2020,"70,98","66,75","68,81"
indonesia,2019,"72,60","68,48","70,52"
indonesia,2018,"72,40","68,31","70,34"
indonesia,2017,"71,90","68,00","69,94"
indonesia,2016,"71,75","67,87","69,80"
irak,2021,"72,42","68,20","70,38"
irak,2020,"71,19","66,95","69,12"
irak,2019,"73,43","69,56","71,58"
irak,2018,"73,29","69,56","71,51"
irak,2017,"73,24","67,51","70,41"
irak,2016,"72,38","65,61","68,99"
iran,2021,"76,81","71,25","73,88"
iran,2020,"77,82","72,10","74,83"
iran,2019,"79,06","73,38","76,10"
iran,2018,"79,09","73,52","76,20"
iran,2017,"78,90","73,27","75,97"
iran,2016,"78,34","73,06","75,60"
irlanda,2021,"84,30","80,50","82,40"
irlanda,2020,"84,40","80,80","82,60"
irlanda,2019,"84,70","80,80","82,80"
irlanda,2018,"84,10","80,40","82,20"
irlanda,2017,"84,00","80,40","82,20"
irlanda,2016,"83,60","79,80","81,70"
islandia,2021,"84,60","81,80","83,20"
islandia,2020,"84,60","81,60","83,10"
islandia,2019,"84,70","81,70","83,20"
islandia,2018,"84,50","81,30","82,90"
islandia,2017,"84,30","81,10","82,60"
islandia,2016,"84,10","80,40","82,20"
islas-marshall,2021,"67,20","63,69","65,27"
islas-marshall,2020,"66,88","63,43","64,98"
islas-marshall,2019,"66,61","63,23","64,75"
islas-marshall,2018,"66,36","63,00","64,50"
islas-marshall,2017,"66,12","62,77","64,27"
islas-marshall,2016,"65,91","62,56","64,06"
islas-salomon,2021,"71,96","68,93","70,35"
islas-salomon,2020,"71,80","68,79","70,20"
islas-salomon,2019,"71,90","69,03","70,38"
islas-salomon,2018,"71,74","68,79","70,17"
islas-salomon,2017,"71,58","68,58","69,99"
islas-salomon,2016,"71,43","68,37","69,80"
israel,2021,"84,60","80,50","82,50"
israel,2020,"84,80","80,60","82,65"
israel,2019,"84,70","81,00","82,80"
israel,2018,"84,80","80,90","82,80"
israel,2017,"84,60","80,60","82,55"
israel,2016,"84,20","80,70","82,41"
italia,2021,"84,90","80,50","82,70"
italia,2020,"84,50","80,00","82,30"
italia,2019,"85,70","81,40","83,60"
italia,2018,"85,60","81,20","83,40"
italia,2017,"85,20","80,80","83,10"
italia,2016,"85,60","81,00","83,40"
jamaica,2021,"72,54","68,47","70,50"
jamaica,2020,"73,92","69,82","71,87"
jamaica,2019,"73,87","69,67","71,77"
jamaica,2018,"73,90","69,70","71,79"
jamaica,2017,"73,91","69,92","71,91"
jamaica,2016,"73,92","70,12","72,02"
japon,2021,"87,57","81,47","84,45"
japon,2020,"87,71","81,56","84,56"
japon,2019,"87,45","81,41","84,36"
japon,2018,"87,32","81,25","84,21"
japon,2017,"87,26","81,09","84,10"
japon,2016,"87,14","80,98","83,98"
jordania,2021,"76,77","72,13","74,26"
jordania,2020,"77,77","72,99","75,18"
jordania,2019,"78,51","73,89","76,04"
jordania,2018,"78,17","73,68","75,77"
jordania,2017,"77,83","73,46","75,50"
jordania,2016,"77,49","73,22","75,22"
kazajistan,2021,"74,03","66,33","70,23"
kazajistan,2020,"75,53","67,09","71,37"
kazajistan,2019,"77,30","68,82","73,18"
kazajistan,2018,"77,19","68,84","73,15"
kazajistan,2017,"76,92","68,72","72,95"
kazajistan,2016,"76,61","67,99","72,41"
kenia,2021,"64,09","58,94","61,43"
kenia,2020,"65,06","60,37","62,68"
kenia,2019,"65,28","60,68","62,94"
kenia,2018,"65,16","60,29","62,68"
kenia,2017,"64,96","60,09","62,48"
kenia,2016,"64,20","60,15","62,16"
kirguistan,2021,"76,10","67,90","71,90"
kirguistan,2020,"76,00","67,80","71,80"
kirguistan,2019,"75,80","67,60","71,60"
kirguistan,2018,"75,60","67,40","71,40"
kirguistan,2017,"75,40","67,20","71,20"
kirguistan,2016,"75,10","67,00","70,95"
kiribati,2021,"69,10","65,50","67,42"
kiribati,2020,"68,95","65,35","67,27"
kiribati,2019,"68,78","65,30","67,15"
kiribati,2018,"68,52","64,97","66,86"
kiribati,2017,"68,24","64,74","66,60"
kiribati,2016,"67,94","64,51","66,33"
kuwait,2021,"81,46","77,19","78,67"
kuwait,2020,"80,02","75,35","76,92"
kuwait,2019,"82,27","78,25","79,69"
kuwait,2018,"82,28","78,23","79,72"
kuwait,2017,"82,30","78,24","79,78"
kuwait,2016,"82,20","78,18","79,70"
laos,2021,"70,08","66,15","68,06"
laos,2020,"70,59","66,52","68,50"
laos,2019,"70,23","66,16","68,14"
laos,2018,"69,57","65,79","67,63"
laos,2017,"69,47","65,51","67,43"
laos,2016,"69,35","65,12","67,17"
lesoto,2021,"55,93","50,37","53,06"
lesoto,2020,"57,54","51,96","54,69"
lesoto,2019,"57,05","51,41","54,17"
lesoto,2018,"56,59","50,99","53,73"
lesoto,2017,"55,90","50,35","53,06"
lesoto,2016,"55,10","49,56","52,26"
letonia,2021,"78,00","68,20","73,10"
letonia,2020,"80,00","70,60","75,50"
letonia,2019,"80,10","70,90","75,70"
letonia,2018,"79,70","70,10","75,10"
letonia,2017,"79,70","69,80","74,90"
letonia,2016,"79,60","69,80","74,90"
libano,2021,"77,25","72,85","75,05"
libano,2020,"79,90","75,64","77,80"
libano,2019,"81,04","77,25","79,24"
libano,2018,"81,46","77,78","79,73"
libano,2017,"81,48","77,60","79,65"
libano,2016,"81,26","77,49","79,51"
liberia,2021,"62,07","59,41","60,75"
liberia,2020,"62,36","59,53","60,95"
liberia,2019,"62,30","59,89","61,10"
liberia,2018,"62,16","59,53","60,85"
liberia,2017,"61,69","59,39","60,55"
liberia,2016,"61,55","59,26","60,42"
libia,2021,"74,40","69,63","71,91"
libia,2020,"75,35","69,87","72,47"
libia,2019,"75,77","69,50","72,46"
libia,2018,"75,88","70,02","72,79"
libia,2017,"75,67","69,63","72,48"
libia,2016,"75,47","68,50","71,76"
lituania,2021,"78,80","69,50","74,20"
lituania,2020,"80,10","70,10","75,10"
lituania,2019,"81,20","71,60","76,50"
lituania,2018,"80,70","70,90","76,00"
lituania,2017,"80,50","70,70","75,80"
lituania,2016,"80,10","69,50","74,90"
luxemburgo,2021,"84,80","80,50","82,70"
luxemburgo,2020,"84,50","79,90","82,20"
luxemburgo,2019,"85,20","80,20","82,70"
luxemburgo,2018,"84,60","80,10","82,30"
luxemburgo,2017,"84,40","79,90","82,10"
luxemburgo,2016,"85,40","80,10","82,70"
macedonia,2021,"75,50","71,10","73,20"
macedonia,2020,"76,70","72,20","74,40"
macedonia,2019,"78,60","74,70","76,60"
macedonia,2018,"78,80","74,60","76,70"
macedonia,2017,"77,90","74,10","76,00"
macedonia,2016,"77,50","73,40","75,40"
madagascar,2021,"66,87","62,23","64,49"
madagascar,2020,"67,61","62,89","65,18"
madagascar,2019,"68,21","63,66","65,88"
madagascar,2018,"67,43","63,20","65,27"
madagascar,2017,"67,24","63,04","65,09"
madagascar,2016,"67,14","62,95","65,00"
malasia,2021,"77,36","72,66","74,88"
malasia,2020,"78,47","73,65","75,94"
malasia,2019,"78,31","73,47","75,76"
malasia,2018,"78,27","73,29","75,64"
malasia,2017,"78,14","73,10","75,48"
malasia,2016,"77,94","72,93","75,29"
malaui,2021,"66,47","59,49","62,90"
malaui,2020,"67,60","60,01","63,72"
malaui,2019,"67,97","60,40","64,12"
malaui,2018,"66,96","59,72","63,28"
malaui,2017,"66,64","59,45","62,98"
malaui,2016,"65,67","58,86","62,21"
maldivas,2021,"81,02","79,08","79,92"
maldivas,2020,"81,27","78,85","79,88"
maldivas,2019,"81,16","79,32","80,12"
maldivas,2018,"81,07","79,21","80,01"
maldivas,2017,"81,06","79,10","79,94"
maldivas,2016,"80,81","79,15","79,87"
mali,2021,"60,33","57,62","58,94"
mali,2020,"59,94","57,39","58,63"
mali,2019,"60,84","58,52","59,66"
mali,2018,"60,69","58,14","59,39"
mali,2017,"60,24","58,06","59,13"
mali,2016,"59,70","57,78","58,73"
malta,2021,"84,30","80,80","82,50"
malta,2020,"84,50","80,30","82,30"
malta,2019,"84,60","81,20","82,90"
malta,2018,"84,60","80,40","82,50"
malta,2017,"84,60","80,20","82,40"
malta,2016,"84,40","80,60","82,60"
marruecos,2021,"76,40","71,89","74,04"
marruecos,2020,"76,31","71,76","73,92"
marruecos,2019,"76,45","72,25","74,27"
marruecos,2018,"76,09","72,03","73,99"
marruecos,2017,"75,66","71,78","73,66"
marruecos,2016,"75,18","71,50","73,28"
mauricio,2021,"77,24","70,29","73,68"
mauricio,2020,"77,66","70,86","74,18"
mauricio,2019,"77,56","71,07","74,24"
mauricio,2018,"77,72","71,27","74,42"
mauricio,2017,"77,89","71,30","74,51"
mauricio,2016,"77,76","71,19","74,39"
mauritania,2021,"66,10","62,67","64,36"
mauritania,2020,"66,34","62,78","64,53"
mauritania,2019,"67,65","63,78","65,69"
mauritania,2018,"67,08","63,59","65,31"
mauritania,2017,"66,94","63,28","65,08"
mauritania,2016,"66,48","63,11","64,77"
mexico,2021,"74,86","66,06","70,21"
mexico,2020,"74,31","66,33","70,13"
mexico,2019,"77,57","70,93","74,20"
mexico,2018,"77,29","70,83","74,02"
mexico,2017,"77,30","71,04","74,14"
mexico,2016,"77,49","71,40","74,41"
micronesia,2021,"74,61","67,12","70,71"
micronesia,2020,"74,54","67,11","70,67"
micronesia,2019,"74,84","67,58","71,08"
micronesia,2018,"74,96","67,92","71,32"
micronesia,2017,"74,97","68,17","71,47"
micronesia,2016,"74,98","68,40","71,60"
moldavia,2021,"73,55","64,44","68,85"
moldavia,2020,"74,85","65,69","70,17"
moldavia,2019,"75,62","66,38","70,94"
moldavia,2018,"75,23","65,92","70,49"
moldavia,2017,"75,06","66,08","70,52"
moldavia,2016,"74,51","65,47","69,92"
mongolia,2021,"75,70","66,54","70,98"
mongolia,2020,"77,02","67,50","72,14"
mongolia,2019,"76,65","67,25","71,82"
mongolia,2018,"75,83","66,81","71,20"
mongolia,2017,"74,29","66,33","70,24"
mongolia,2016,"74,05","65,88","69,87"
montenegro,2021,"77,00","70,80","73,80"
montenegro,2020,"78,80","73,20","75,90"
montenegro,2019,"79,50","74,00","76,70"
montenegro,2018,"79,30","74,50","76,90"
montenegro,2017,"79,20","73,90","76,60"
montenegro,2016,"78,90","74,10","76,50"
mozambique,2021,"62,43","56,20","59,33"
mozambique,2020,"64,16","58,11","61,17"
mozambique,2019,"63,92","58,31","61,17"
mozambique,2018,"63,23","57,72","60,53"
mozambique,2017,"62,22","57,21","59,77"
mozambique,2016,"61,48","56,49","59,04"
namibia,2021,"62,99","55,72","59,27"
namibia,2020,"66,61","59,06","62,83"
namibia,2019,"66,64","59,43","63,08"
namibia,2018,"66,18","58,93","62,59"
namibia,2017,"65,88","58,65","62,29"
namibia,2016,"65,20","58,11","61,68"
nauru,2021,"67,30","60,26","63,62"
nauru,2020,"67,27","59,99","63,44"
nauru,2019,"67,32","60,06","63,48"
nauru,2018,"66,99","59,88","63,23"
nauru,2017,"66,76","59,65","62,99"
nauru,2016,"66,45","59,39","62,70"
nepal,2021,"70,36","66,57","68,45"
nepal,2020,"71,17","67,35","69,25"
nepal,2019,"71,35","67,76","69,56"
nepal,2018,"70,72","67,23","68,98"
nepal,2017,"70,64","67,17","68,91"
nepal,2016,"70,52","67,03","68,78"
nicaragua,2021,"76,80","70,84","73,84"
nicaragua,2020,"75,01","68,65","71,80"
nicaragua,2019,"77,00","71,07","74,05"
nicaragua,2018,"76,68","70,96","73,85"
nicaragua,2017,"76,37","70,69","73,55"
nicaragua,2016,"76,12","70,34","73,26"
niger,2021,"62,79","60,41","61,58"
niger,2020,"62,45","60,47","61,45"
niger,2019,"63,94","61,87","62,90"
niger,2018,"63,30","61,61","62,45"
niger,2017,"63,15","61,18","62,16"
niger,2016,"62,60","60,66","61,63"
nigeria,2021,"53,07","52,29","52,68"
nigeria,2020,"53,32","52,46","52,89"
nigeria,2019,"53,17","52,65","52,91"
nigeria,2018,"52,77","52,33","52,55"
nigeria,2017,"52,59","52,02","52,31"
nigeria,2016,"52,23","51,85","52,04"
noruega,2021,"84,70","81,70","83,20"
noruega,2020,"84,90","81,60","83,30"
noruega,2019,"84,70","81,30","83,00"
noruega,2018,"84,50","81,10","82,80"
noruega,2017,"84,30","81,00","82,70"
noruega,2016,"84,20","80,70","82,50"
nueva-zelanda,2021,"84,00","80,50","82,21"
nueva-zelanda,2020,"84,10","80,50","82,26"
nueva-zelanda,2019,"83,90","80,30","82,06"
nueva-zelanda,2018,"83,50","80,00","81,71"
nueva-zelanda,2017,"83,60","80,20","81,86"
nueva-zelanda,2016,"83,40","80,00","81,66"
oman,2021,"74,72","70,98","72,54"
oman,2020,"76,79","73,29","74,76"
oman,2019,"79,95","76,54","78,00"
oman,2018,"79,90","76,53","77,97"
oman,2017,"79,84","76,53","77,92"
oman,2016,"79,80","76,54","77,92"
paises-bajos,2021,"83,00","79,70","81,40"
paises-bajos,2020,"83,10","79,70","81,40"
paises-bajos,2019,"83,70","80,60","82,20"
paises-bajos,2018,"83,40","80,30","81,90"
paises-bajos,2017,"83,40","80,20","81,80"
paises-bajos,2016,"83,20","80,00","81,70"
pakistan,2021,"68,62","63,79","66,10"
pakistan,2020,"68,83","63,95","66,27"
pakistan,2019,"69,10","64,60","66,76"
pakistan,2018,"68,96","64,22","66,48"
pakistan,2017,"68,82","64,02","66,30"
pakistan,2016,"68,33","63,68","65,88"
panama,2021,"79,59","73,05","76,22"
panama,2020,"80,03","73,47","76,66"
panama,2019,"80,95","74,79","77,81"
panama,2018,"81,02","74,83","77,86"
panama,2017,"80,93","74,79","77,80"
panama,2016,"80,74","74,69","77,65"
papua-nueva-guinea,2021,"68,42","62,95","65,35"
papua-nueva-guinea,2020,"68,80","63,40","65,79"
papua-nueva-guinea,2019,"68,67","62,96","65,47"
papua-nueva-guinea,2018,"68,12","62,87","65,18"
papua-nueva-guinea,2017,"68,08","62,77","65,10"
papua-nueva-guinea,2016,"67,93","62,44","64,84"
paraguay,2021,"73,39","67,43","70,26"
paraguay,2020,"76,16","70,40","73,18"
paraguay,2019,"76,44","70,96","73,62"
paraguay,2018,"76,34","70,95","73,57"
paraguay,2017,"76,46","70,99","73,64"
paraguay,2016,"76,41","70,83","73,53"
peru,2021,"74,75","70,12","72,38"
peru,2020,"76,82","70,81","73,67"
peru,2019,"78,50","73,90","76,16"
peru,2018,"78,29","73,80","76,01"
peru,2017,"78,10","73,73","75,88"
peru,2016,"77,95","73,70","75,79"
polonia,2021,"79,50","71,40","75,40"
polonia,2020,"80,70","72,50","76,50"
polonia,2019,"81,90","74,10","78,00"
polonia,2018,"81,70","73,70","77,70"
polonia,2017,"81,80","73,90","77,80"
polonia,2016,"82,00","73,90","78,00"
portugal,2021,"84,40","78,50","81,50"
portugal,2020,"84,10","78,00","81,10"
portugal,2019,"84,80","78,70","81,90"
portugal,2018,"84,50","78,30","81,50"
portugal,2017,"84,60","78,40","81,60"
portugal,2016,"84,30","78,10","81,30"
republica-centroafricana,2021,"56,30","51,65","53,90"
republica-centroafricana,2020,"56,76","52,58","54,60"
republica-centroafricana,2019,"57,11","53,05","55,03"
republica-centroafricana,2018,"56,59","52,29","54,37"
republica-centroafricana,2017,"56,05","51,55","53,72"
republica-centroafricana,2016,"55,39","51,64","53,46"
republica-checa,2021,"80,50","74,10","77,20"
republica-checa,2020,"81,30","75,20","78,20"
republica-checa,2019,"82,20","76,40","79,30"
republica-checa,2018,"82,00","76,20","79,10"
republica-checa,2017,"82,00","76,10","79,10"
republica-checa,2016,"82,10","76,10","79,10"
republica-democratica-congo,2021,"61,52","56,95","59,19"
republica-democratica-congo,2020,"61,70","57,82","59,74"
republica-democratica-congo,2019,"62,24","58,34","60,28"
republica-democratica-congo,2018,"61,77","58,13","59,94"
republica-democratica-congo,2017,"61,11","57,72","59,41"
republica-democratica-congo,2016,"60,90","57,25","59,07"
republica-dominicana,2021,"76,29","69,30","72,62"
republica-dominicana,2020,"76,91","69,36","72,89"
republica-dominicana,2019,"76,97","70,47","73,58"
republica-dominicana,2018,"76,50","70,23","73,23"
republica-dominicana,2017,"76,32","70,07","73,06"
republica-dominicana,2016,"76,30","69,95","72,99"
ruanda,2021,"68,16","63,80","66,07"
ruanda,2020,"69,00","64,36","66,77"
ruanda,2019,"68,48","64,18","66,44"
ruanda,2018,"68,27","64,01","66,25"
ruanda,2017,"68,10","63,56","65,94"
ruanda,2016,"67,92","63,33","65,74"
rumania,2021,"76,60","69,20","72,80"
rumania,2020,"78,30","70,40","74,20"
rumania,2019,"79,50","71,90","75,60"
rumania,2018,"79,20","71,70","75,30"
rumania,2017,"79,00","71,60","75,20"
rumania,2016,"79,00","71,60","75,20"
rusia,2021,"74,51","65,51","69,90"
rusia,2020,"76,43","66,49","71,34"
rusia,2019,"78,17","68,24","73,08"
rusia,2018,"77,82","67,75","72,66"
rusia,2017,"77,64","67,51","72,45"
rusia,2016,"77,06","66,50","71,65"
samoa,2021,"75,50","70,31","72,77"
samoa,2020,"75,46","70,34","72,77"
samoa,2019,"74,81","69,77","72,16"
samoa,2018,"75,31","70,21","72,64"
samoa,2017,"75,27","70,16","72,59"
samoa,2016,"75,22","70,11","72,54"
san-cristobal-nieves,2021,"75,34","68,35","71,68"
san-cristobal-nieves,2020,"75,27","68,32","71,63"
san-cristobal-nieves,2019,"75,20","68,29","71,57"
san-cristobal-nieves,2018,"75,09","68,21","71,47"
san-cristobal-nieves,2017,"75,92","68,21","71,84"
san-cristobal-nieves,2016,"75,94","68,04","71,74"
san-vicente-las-granadinas,2021,"72,40","67,35","69,63"
san-vicente-las-granadinas,2020,"74,94","69,81","72,13"
san-vicente-las-granadinas,2019,"75,58","70,53","72,84"
san-vicente-las-granadinas,2018,"76,86","71,82","74,13"
san-vicente-las-granadinas,2017,"77,05","71,98","74,31"
san-vicente-las-granadinas,2016,"77,10","71,89","74,28"
santa-lucia,2021,"74,72","67,84","71,11"
santa-lucia,2020,"77,06","70,04","73,42"
santa-lucia,2019,"77,06","70,10","73,45"
santa-lucia,2018,"76,97","70,02","73,36"
santa-lucia,2017,"76,76","69,79","73,13"
santa-lucia,2016,"76,58","69,91","73,11"
santo-tome-principe,2021,"70,42","65,16","67,59"
santo-tome-principe,2020,"70,88","65,16","67,79"
santo-tome-principe,2019,"71,62","65,83","68,52"
santo-tome-principe,2018,"71,45","65,65","68,36"
santo-tome-principe,2017,"71,38","65,53","68,27"
santo-tome-principe,2016,"70,38","64,93","67,49"
senegal,2021,"69,28","64,75","67,09"
senegal,2020,"70,27","65,59","68,01"
senegal,2019,"70,95","65,95","68,53"
senegal,2018,"70,26","65,78","68,10"
senegal,2017,"70,07","65,30","67,75"
senegal,2016,"69,79","65,07","67,50"
serbia,2021,"75,70","70,00","72,80"
serbia,2020,"77,50","71,60","74,50"
serbia,2019,"78,60","73,40","76,00"
serbia,2018,"78,40","73,50","75,90"
serbia,2017,"78,10","73,10","75,60"
serbia,2016,"78,30","73,20","75,70"
seychelles,2021,"75,60","71,30","73,40"
seychelles,2020,"82,00","72,70","77,24"
seychelles,2019,"78,40","69,90","74,05"
seychelles,2018,"77,40","68,50","72,84"
seychelles,2017,"78,50","70,30","74,30"
seychelles,2016,"80,20","68,70","74,31"
sierra-leona,2021,"61,35","58,76","60,06"
sierra-leona,2020,"61,12","58,40","59,76"
sierra-leona,2019,"61,55","58,94","60,26"
sierra-leona,2018,"61,17","58,42","59,80"
sierra-leona,2017,"59,79","57,49","58,65"
sierra-leona,2016,"59,56","57,24","58,40"
singapur,2021,"85,50","80,80","83,09"
singapur,2020,"85,90","81,30","83,54"
singapur,2019,"85,90","81,40","83,60"
singapur,2018,"85,50","81,20","83,30"
singapur,2017,"85,40","80,90","83,10"
singapur,2016,"85,10","80,70","82,85"
siria,2021,"75,18","69,06","72,06"
siria,2020,"75,56","68,89","72,14"
siria,2019,"75,64","68,22","71,82"
siria,2018,"75,17","65,63","70,15"
siria,2017,"74,93","62,96","68,48"
siria,2016,"71,01","61,57","65,99"
somalia,2021,"57,41","53,25","55,28"
somalia,2020,"58,05","53,97","55,97"
somalia,2019,"59,09","55,12","57,08"
somalia,2018,"58,55","54,28","56,38"
somalia,2017,"57,81","53,58","55,65"
somalia,2016,"57,29","52,89","55,04"
sri-lanka,2021,"79,50","73,11","76,40"
sri-lanka,2020,"80,11","72,60","76,39"
sri-lanka,2019,"79,74","72,23","76,01"
sri-lanka,2018,"79,49","71,98","75,75"
sri-lanka,2017,"79,32","71,54","75,40"
sri-lanka,2016,"79,36","71,41","75,33"
suazilandia,2021,"61,25","53,37","57,07"
suazilandia,2020,"63,68","56,03","59,69"
suazilandia,2019,"64,35","56,98","60,55"
suazilandia,2018,"63,17","55,88","59,41"
suazilandia,2017,"61,54","54,47","57,90"
suazilandia,2016,"60,03","53,47","56,66"
sudafrica,2021,"65,00","59,46","62,34"
sudafrica,2020,"67,96","62,18","65,25"
sudafrica,2019,"69,11","62,83","66,18"
sudafrica,2018,"68,74","62,20","65,67"
sudafrica,2017,"68,43","61,95","65,40"
sudafrica,2016,"67,79","61,31","64,75"
sudan,2021,"67,88","62,74","65,27"
sudan,2020,"68,21","63,11","65,61"
sudan,2019,"68,39","63,43","65,88"
sudan,2018,"68,23","63,21","65,68"
sudan,2017,"68,02","62,96","65,45"
sudan,2016,"67,43","62,23","64,78"
suecia,2021,"84,90","81,30","83,10"
suecia,2020,"84,20","80,60","82,40"
suecia,2019,"84,80","81,50","83,20"
suecia,2018,"84,30","80,90","82,60"
suecia,2017,"84,10","80,80","82,50"
suecia,2016,"84,10","80,60","82,40"
suiza,2021,"85,80","81,80","83,90"
suiza,2020,"85,10","81,00","83,10"
suiza,2019,"85,80","82,10","84,00"
suiza,2018,"85,70","81,90","83,80"
suiza,2017,"85,60","81,60","83,70"
suiza,2016,"85,60","81,70","83,70"
surinam,2021,"73,55","67,21","70,27"
surinam,2020,"75,98","69,26","72,56"
surinam,2019,"75,68","68,94","72,24"
surinam,2018,"75,94","69,29","72,55"
surinam,2017,"75,70","69,23","72,42"
surinam,2016,"74,85","68,46","71,59"
tailandia,2021,"83,04","74,52","78,72"
tailandia,2020,"83,70","74,95","79,27"
tailandia,2019,"83,43","74,64","78,98"
tailandia,2018,"83,15","74,32","78,66"
tailandia,2017,"82,86","74,07","78,39"
tailandia,2016,"82,59","73,69","78,05"
tanzania,2021,"68,31","64,18","66,20"
tanzania,2020,"68,54","64,37","66,41"
tanzania,2019,"69,12","64,92","66,99"
tanzania,2018,"68,65","64,48","66,54"
tanzania,2017,"68,21","63,86","66,00"
tanzania,2016,"67,69","63,17","65,39"
tayikistan,2021,"73,73","69,57","71,59"
tayikistan,2020,"70,17","66,00","67,99"
tayikistan,2019,"73,01","68,86","70,87"
tayikistan,2018,"72,60","68,27","70,35"
tayikistan,2017,"72,34","67,68","69,91"
tayikistan,2016,"72,09","67,25","69,55"
timor-oriental,2021,"69,54","66,10","67,74"
timor-oriental,2020,"70,28","66,84","68,48"
timor-oriental,2019,"69,95","66,72","68,27"
timor-oriental,2018,"69,70","66,47","68,02"
timor-oriental,2017,"69,44","66,19","67,75"
timor-oriental,2016,"69,17","65,87","67,45"
togo,2021,"62,39","60,85","61,62"
togo,2020,"61,58","60,49","61,04"
togo,2019,"61,44","60,35","60,90"
togo,2018,"60,65","59,83","60,24"
togo,2017,"60,48","59,81","60,15"
togo,2016,"59,76","59,33","59,55"
tonga,2021,"73,72","68,42","70,99"
tonga,2020,"73,70","68,34","70,93"
tonga,2019,"73,67","68,27","70,87"
tonga,2018,"73,61","68,15","70,78"
tonga,2017,"73,58","68,07","70,71"
tonga,2016,"73,56","67,99","70,66"
trinidad-tobago,2021,"76,40","69,66","72,97"
trinidad-tobago,2020,"77,88","70,98","74,41"
trinidad-tobago,2019,"77,70","70,83","74,23"
trinidad-tobago,2018,"77,35","70,30","73,80"
trinidad-tobago,2017,"77,69","70,78","74,23"
trinidad-tobago,2016,"77,67","70,88","74,28"
tunez,2021,"77,15","70,74","73,77"
tunez,2020,"79,28","71,84","75,29"
tunez,2019,"79,38","72,90","75,99"
tunez,2018,"79,32","72,86","75,95"
tunez,2017,"79,13","72,83","75,85"
tunez,2016,"79,08","72,76","75,79"
turkmenistan,2021,"72,66","65,87","69,26"
turkmenistan,2020,"71,98","65,39","68,69"
turkmenistan,2019,"72,46","65,55","69,00"
turkmenistan,2018,"72,19","65,41","68,80"
turkmenistan,2017,"72,23","65,59","68,92"
turkmenistan,2016,"72,00","65,54","68,78"
turquia,2021,"79,12","73,04","76,03"
turquia,2020,"79,06","72,77","75,85"
turquia,2019,"81,80","76,40","79,10"
turquia,2018,"81,60","76,20","78,90"
turquia,2017,"81,30","75,70","78,50"
turquia,2016,"81,00","75,40","78,10"
ucrania,2021,"74,36","65,16","69,65"
ucrania,2020,"76,22","66,39","71,19"
ucrania,2019,"78,30","68,40","73,40"
ucrania,2018,"78,00","68,10","73,20"
ucrania,2017,"78,00","68,30","73,30"
ucrania,2016,"77,60","68,00","72,90"
uganda,2021,"64,92","60,42","62,71"
uganda,2020,"64,90","60,72","62,85"
uganda,2019,"64,99","60,89","62,99"
uganda,2018,"64,74","60,59","62,71"
uganda,2017,"64,03","60,10","62,12"
uganda,2016,"63,81","59,40","61,65"
uk,2021,"82,80","78,70","80,70"
uk,2020,"82,40","78,40","80,35"
uk,2019,"83,30","79,60","81,40"
uk,2018,"83,10","79,50","81,30"
uk,2017,"83,10","79,50","81,30"
uk,2016,"83,00","79,40","81,20"
uruguay,2021,"79,26","71,65","75,44"
uruguay,2020,"81,91","74,69","78,43"
uruguay,2019,"81,30","73,58","77,51"
uruguay,2018,"81,28","73,75","77,61"
uruguay,2017,"81,32","73,73","77,63"
uruguay,2016,"81,36","73,59","77,57"
usa,2021,"79,30","73,50","76,33"
usa,2020,"79,90","74,20","76,98"
usa,2019,"81,40","76,30","78,79"
usa,2018,"81,20","76,20","78,64"
usa,2017,"81,10","76,10","78,54"
usa,2016,"81,10","76,10","78,54"
uzbekistan,2021,"73,39","68,33","70,86"
uzbekistan,2020,"72,79","67,88","70,33"
uzbekistan,2019,"73,88","68,78","71,34"
uzbekistan,2018,"73,82","68,48","71,15"
uzbekistan,2017,"73,77","68,26","71,01"
uzbekistan,2016,"73,51","68,02","70,76"
vanuatu,2021,"72,95","68,40","70,45"
vanuatu,2020,"72,43","68,55","70,30"
vanuatu,2019,"72,41","67,80","69,88"
vanuatu,2018,"72,30","67,75","69,80"
vanuatu,2017,"72,25","67,65","69,71"
vanuatu,2016,"72,13","67,65","69,65"
venezuela,2021,"75,21","66,26","70,55"
venezuela,2020,"75,81","66,74","71,10"
venezuela,2019,"76,57","68,03","72,16"
venezuela,2018,"76,43","67,83","71,98"
venezuela,2017,"76,23","67,94","71,94"
venezuela,2016,"76,74","67,76","72,06"
vietnam,2021,"78,24","69,12","73,62"
vietnam,2020,"79,92","70,79","75,38"
vietnam,2019,"78,89","69,37","74,09"
vietnam,2018,"78,78","69,25","73,98"
vietnam,2017,"78,72","69,26","73,96"
vietnam,2016,"78,76","69,18","73,94"
yemen,2021,"67,13","60,63","63,75"
yemen,2020,"67,89","61,64","64,65"
yemen,2019,"68,63","61,81","65,09"
yemen,2018,"68,60","60,90","64,58"
yemen,2017,"68,96","63,11","65,96"
yemen,2016,"68,94","63,32","66,06"
yibuti,2021,"65,02","59,73","62,31"
yibuti,2020,"65,46","60,07","62,69"
yibuti,2019,"65,56","60,70","63,09"
yibuti,2018,"65,58","60,59","63,04"
yibuti,2017,"65,34","60,35","62,80"
yibuti,2016,"64,52","59,94","62,19"
zambia,2021,"63,93","58,49","61,22"
zambia,2020,"65,04","59,64","62,38"
zambia,2019,"65,41","60,08","62,79"
zambia,2018,"64,92","59,67","62,34"
zambia,2017,"64,61","59,53","62,12"
zambia,2016,"64,12","59,35","61,79"
zimbabue,2021,"62,05","56,23","59,25"
zimbabue,2020,"63,86","58,13","61,12"
zimbabue,2019,"63,66","58,64","61,29"
zimbabue,2018,"63,59","58,97","61,41"
zimbabue,2017,"62,96","58,21","60,71"
zimbabue,2016,"62,42","57,96","60,31"
